Tim Robbins,Morgan Freeman,Bob Gunton,William Sadler,Clancy Brown,Gil Bellows,Mark Rolston,James Whitmore,Jeffrey DeMunn,Larry Brandenburg,Neil Giuntoli,Brian Libby,David Proval,Joseph Ragno,Jude Ciccolella
Marlon Brando,Al Pacino,James Caan,Richard S. Castellano,Robert Duvall,Sterling Hayden,John Marley,Richard Conte,Al Lettieri,Diane Keaton,Abe Vigoda,Talia Shire,Gianni Russo,John Cazale,Rudy Bond
Al Pacino,Robert Duvall,Diane Keaton,Robert De Niro,John Cazale,Talia Shire,Lee Strasberg,Michael V. Gazzo,G.D. Spradlin,Richard Bright,Gastone Moschin,Tom Rosqui,Bruno Kirby,Frank Sivero,Francesca De Sapio
Christian Bale,Heath Ledger,Aaron Eckhart,Michael Caine,Maggie Gyllenhaal,Gary Oldman,Morgan Freeman,Monique Gabriela Curnen,Ron Dean,Cillian Murphy,Chin Han,Nestor Carbonell,Eric Roberts,Ritchie Coster,Anthony Michael Hall
Martin Balsam,John Fiedler,Lee J. Cobb,E.G. Marshall,Jack Klugman,Edward Binns,Jack Warden,Henry Fonda,Joseph Sweeney,Ed Begley,George Voskovec,Robert Webber
Liam Neeson,Ben Kingsley,Ralph Fiennes,Caroline Goodall,Jonathan Sagall,Embeth Davidtz,Malgorzata Gebel,Shmuel Levy,Mark Ivanir,Béatrice Macola,Andrzej Seweryn,Friedrich von Thun,Krzysztof Luft,Harry Nehring,Norbert Weisser
Noel Appleby,Ali Astin,Sean Astin,David Aston,John Bach,Sean Bean,Cate Blanchett,Orlando Bloom,Billy Boyd,Sadwyn Brophy,Alistair Browning,Marton Csokas,Richard Edge,Jason Fitch,Bernard Hill
Tim Roth,Amanda Plummer,Laura Lovelace,John Travolta,Samuel L. Jackson,Phil LaMarr,Frank Whaley,Burr Steers,Bruce Willis,Ving Rhames,Paul Calderon,Bronagh Gallagher,Rosanna Arquette,Eric Stoltz,Uma Thurman
Eli Wallach,Clint Eastwood,Lee Van Cleef,Aldo Giuffrè,Luigi Pistilli,Rada Rassimov,Enzo Petito,Claudio Scarchilli,John Bartha,Livio Lorenzon,Antonio Casale,Sandro Scarchilli,Benito Stefanelli,Angelo Novi,Antonio Casas
Edward Norton,Brad Pitt,Meat Loaf,Zach Grenier,Richmond Arquette,David Andrews,George Maguire,Eugenie Bondurant,Helena Bonham Carter,Christina Cabot,Sydney 'Big Dawg' Colston,Rachel Singer,Christie Cronenweth,Tim DeZarn,Ezra Buzzington
Alan Howard,Noel Appleby,Sean Astin,Sala Baker,Sean Bean,Cate Blanchett,Orlando Bloom,Billy Boyd,Marton Csokas,Megan Edwards,Michael Elsworth,Mark Ferguson,Ian Holm,Christopher Lee,Lawrence Makoare
Tom Hanks,Rebecca Williams,Sally Field,Michael Conner Humphreys,Harold G. Herthum,George Kelly,Bob Penny,John Randall,Sam Anderson,Margo Moorer,Ione M. Telech,Christine Seabrook,John Worsham,Peter Dobson,Siobhan Fallon Hogan
Mark Hamill,Harrison Ford,Carrie Fisher,Billy Dee Williams,Anthony Daniels,David Prowse,Peter Mayhew,Kenny Baker,Frank Oz,Alec Guinness,Jeremy Bulloch,John Hollis,Jack Purvis,Des Webb,Clive Revill
Leonardo DiCaprio,Joseph Gordon-Levitt,Ellen Page,Tom Hardy,Ken Watanabe,Dileep Rao,Cillian Murphy,Tom Berenger,Marion Cotillard,Pete Postlethwaite,Michael Caine,Lukas Haas,Tai-Li Lee,Claire Geare,Magnus Nolan
Bruce Allpress,Sean Astin,John Bach,Sala Baker,Cate Blanchett,Orlando Bloom,Billy Boyd,Jed Brophy,Sam Comery,Brad Dourif,Calum Gittins,Bernard Hill,Bruce Hopkins,Paris Howe Strewe,Christopher Lee
Jack Nicholson,Louise Fletcher,Will Sampson,Michael Berryman,Alonzo Brown,Peter Brocco,Scatman Crothers,Dean R. Brooks,Mwako Cumbuka,Danny DeVito,William Duell,Josip Elic,Lan Fendors,Nathan George,Ken Kenny
Robert De Niro,Ray Liotta,Joe Pesci,Lorraine Bracco,Paul Sorvino,Frank Sivero,Tony Darrow,Mike Starr,Frank Vincent,Chuck Low,Frank DiLeo,Henny Youngman,Gina Mastrogiacomo,Catherine Scorsese,Charles Scorsese
Keanu Reeves,Laurence Fishburne,Carrie-Anne Moss,Hugo Weaving,Gloria Foster,Joe Pantoliano,Marcus Chong,Julian Arahanga,Matt Doran,Belinda McClory,Anthony Ray Parker,Paul Goddard,Robert Taylor,David Aston,Marc Aden Gray
Toshirô Mifune,Takashi Shimura,Keiko Tsushima,Yukiko Shimazaki,Kamatari Fujiwara,Daisuke Katô,Isao Kimura,Minoru Chiaki,Seiji Miyaguchi,Yoshio Kosugi,Bokuzen Hidari,Yoshio Inaba,Yoshio Tsuchiya,Kokuten Kôdô,Eijirô Tôno
Morgan Freeman,Andrew Kevin Walker,Daniel Zacapa,Brad Pitt,Gwyneth Paltrow,John Cassini,Bob Mack,Peter Crombie,Reg E. Cathey,R. Lee Ermey,George Christy,Endre Hules,Hawthorne James,William Davidson,Bob Collins
Alexandre Rodrigues,Leandro Firmino,Phellipe Haagensen,Douglas Silva,Jonathan Haagensen,Matheus Nachtergaele,Seu Jorge,Jefechander Suplino,Alice Braga,Emerson Gomes,Edson Oliveira,Michel Gomes,Roberta Rodrigues,Luis Otávio,Kiko Marques
Mark Hamill,Harrison Ford,Carrie Fisher,Peter Cushing,Alec Guinness,Anthony Daniels,Kenny Baker,Peter Mayhew,David Prowse,Phil Brown,Shelagh Fraser,Jack Purvis,Alex McCrindle,Eddie Byrne,Drewe Henley
Jodie Foster,Lawrence A. Bonney,Kasi Lemmons,Lawrence T. Wrentz,Scott Glenn,Anthony Heald,Frankie Faison,Don Brockett,Frank Seals Jr.,Stuart Rudin,Anthony Hopkins,Maria Skorobogatov,Jeffrie Lane,Leib Lensky,George 'Red' Schwartz
James Stewart,Donna Reed,Lionel Barrymore,Thomas Mitchell,Henry Travers,Beulah Bondi,Frank Faylen,Ward Bond,Gloria Grahame,H.B. Warner,Frank Albertson,Todd Karns,Samuel S. Hinds,Mary Treen,Virginia Patton
Roberto Benigni,Nicoletta Braschi,Giorgio Cantarini,Giustino Durano,Sergio Bini Bustric,Marisa Paredes,Horst Buchholz,Lidia Alfonsi,Giuliana Lojodice,Amerigo Fontani,Pietro De Silva,Francesco Guzzo,Raffaella Lebboroni,Claudio Alfonsi,Gil Baroni
Rumi Hiiragi,Miyu Irino,Mari Natsuki,Takashi Naitô,Yasuko Sawaguchi,Tatsuya Gashûin,Ryûnosuke Kamiki,Yumi Tamai,Yô Ôizumi,Koba Hayashi,Tsunehiko Kamijô,Takehiko Ono,Bunta Sugawara,Shigeru Wakita,Shirô Saitô
Tom Hanks,Tom Sizemore,Edward Burns,Barry Pepper,Adam Goldberg,Vin Diesel,Giovanni Ribisi,Jeremy Davies,Matt Damon,Ted Danson,Paul Giamatti,Dennis Farina,Joerg Stadler,Max Martini,Dylan Bruno
Stephen Baldwin,Gabriel Byrne,Benicio Del Toro,Kevin Pollak,Kevin Spacey,Chazz Palminteri,Pete Postlethwaite,Suzy Amis,Giancarlo Esposito,Dan Hedaya,Paul Bartel,Carl Bressler,Phillipe Simon,Jack Shearer,Christine Estabrook
Jean Reno,Gary Oldman,Natalie Portman,Danny Aiello,Peter Appel,Willi One Blood,Don Creech,Keith A. Glascoe,Randolph Scott,Michael Badalucco,Ellen Greene,Elizabeth Regen,Carl J. Matusovich,Frank Senger,Lucius Wyatt Cherokee
Tom Hanks,David Morse,Bonnie Hunt,Michael Clarke Duncan,James Cromwell,Michael Jeter,Graham Greene,Doug Hutchison,Sam Rockwell,Barry Pepper,Jeffrey DeMunn,Patricia Clarkson,Harry Dean Stanton,Dabbs Greer,Eve Brent
Ellen Burstyn,Matthew McConaughey,Mackenzie Foy,John Lithgow,Timothée Chalamet,David Oyelowo,Collette Wolfe,Francis X. McCarthy,Bill Irwin,Anne Hathaway,Andrew Borba,Wes Bentley,William Devane,Michael Caine,David Gyasi
Anthony Perkins,Vera Miles,John Gavin,Janet Leigh,Martin Balsam,John McIntire,Simon Oakland,Frank Albertson,Patricia Hitchcock,Vaughn Taylor,Lurene Tuttle,John Anderson,Mort Mills
Edward Norton,Edward Furlong,Beverly D'Angelo,Jennifer Lien,Ethan Suplee,Fairuza Balk,Avery Brooks,Elliott Gould,Stacy Keach,William Russ,Guy Torry,Joe Cortese,Jason Bose Smith,Antonio David Lyons,Alex Sol
Virginia Cherrill,Florence Lee,Harry Myers,Al Ernest Garcia,Hank Mann,Charles Chaplin
Humphrey Bogart,Ingrid Bergman,Paul Henreid,Claude Rains,Conrad Veidt,Sydney Greenstreet,Peter Lorre,S.Z. Sakall,Madeleine Lebeau,Dooley Wilson,Joy Page,John Qualen,Leonid Kinskey,Curt Bois
Claudia Cardinale,Henry Fonda,Jason Robards,Charles Bronson,Gabriele Ferzetti,Paolo Stoppa,Woody Strode,Jack Elam,Keenan Wynn,Frank Wolff,Lionel Stander
Adrien Brody,Emilia Fox,Michal Zebrowski,Ed Stoppard,Maureen Lipman,Frank Finlay,Jessica Kate Meyer,Julia Rayner,Wanja Mues,Richard Ridings,Nomi Sharron,Anthony Milner,Lucy Skeaping,Roddy Skeaping,Ben Harlan
Charles Chaplin,Paulette Goddard,Henry Bergman,Tiny Sandford,Chester Conklin,Hank Mann,Stanley Blystone,Al Ernest Garcia,Richard Alexander,Cecil Reynolds,Mira McKinney,Murdock MacQuarrie,Wilfred Lucas,Edward LeSaint,Fred Malatesta
François Cluzet,Omar Sy,Anne Le Ny,Audrey Fleurot,Joséphine de Meaux,Clotilde Mollet,Alba Gaïa Bellugi,Cyril Mendy,Salimata Kamate,Absa Diatou Toure,Grégoire Oestermann,Dominique Daguier,François Caron,Christian Ameri,Thomas Solivérès
Leonardo DiCaprio,Matt Damon,Jack Nicholson,Mark Wahlberg,Martin Sheen,Ray Winstone,Vera Farmiga,Anthony Anderson,Alec Baldwin,Kevin Corrigan,James Badge Dale,David O'Hara,Mark Rolston,Robert Wahlberg,Kristen Dalton
Michael J. Fox,Christopher Lloyd,Lea Thompson,Crispin Glover,Thomas F. Wilson,Claudia Wells,Marc McClure,Wendie Jo Sperber,George DiCenzo,Frances Lee McCain,James Tolkan,J.J. Cohen,Casey Siemaszko,Billy Zane,Harry Waters Jr.
Arnold Schwarzenegger,Linda Hamilton,Edward Furlong,Robert Patrick,Earl Boen,Joe Morton,S. Epatha Merkerson,Castulo Guerra,Danny Cooksey,Jenette Goldstein,Xander Berkeley,Leslie Hamilton Gearren,Ken Gibbel,Robert Winley,Peter Schrum
Miles Teller,J.K. Simmons,Paul Reiser,Melissa Benoist,Austin Stowell,Nate Lang,Chris Mulkey,Damon Gupton,Suanne Spoke,Max Kasch,Charlie Ian,Jayson Blair,Kofi Siriboe,Kavita Patil,C.J. Vana
James Stewart,Grace Kelly,Wendell Corey,Thelma Ritter,Raymond Burr,Judith Evelyn,Ross Bagdasarian,Georgine Darcy,Sara Berner,Frank Cady,Jesslyn Fax,Rand Harper,Irene Winston,Havis Davenport
Shameik Moore,Jake Johnson,Hailee Steinfeld,Mahershala Ali,Brian Tyree Henry,Lily Tomlin,Luna Lauren Velez,Zoë Kravitz,John Mulaney,Kimiko Glenn,Nicolas Cage,Kathryn Hahn,Liev Schreiber,Chris Pine,Natalie Morales
Rowan Atkinson,Matthew Broderick,Niketa Calame-Harris,Jim Cummings,Whoopi Goldberg,Robert Guillaume,Jeremy Irons,James Earl Jones,Moira Kelly,Nathan Lane,Zoe Leader,Cheech Marin,Ernie Sabella,Madge Sinclair,Jonathan Taylor Thomas
Harrison Ford,Karen Allen,Paul Freeman,Ronald Lacey,John Rhys-Davies,Denholm Elliott,Alfred Molina,Wolf Kahler,Anthony Higgins,Vic Tablian,Don Fellows,William Hootkins,Bill Reimbold,Fred Sorenson,Patrick Durkin
Russell Crowe,Joaquin Phoenix,Connie Nielsen,Oliver Reed,Richard Harris,Derek Jacobi,Djimon Hounsou,David Schofield,John Shrapnel,Tomas Arana,Ralf Moeller,Spencer Treat Clark,David Hemmings,Tommy Flanagan,Sven-Ole Thorsen
Hugh Jackman,Christian Bale,Michael Caine,Piper Perabo,Rebecca Hall,Scarlett Johansson,Samantha Mahurin,David Bowie,Andy Serkis,Daniel Davis,Jim Piddock,Christopher Neame,Mark Ryan,Roger Rees,Jamie Harris
Marlon Brando,Martin Sheen,Robert Duvall,Frederic Forrest,Sam Bottoms,Laurence Fishburne,Albert Hall,Harrison Ford,Dennis Hopper,G.D. Spradlin,Jerry Ziesmer,Scott Glenn,Bo Byers,James Keane,Kerry Rossall
Guy Pearce,Carrie-Anne Moss,Joe Pantoliano,Mark Boone Junior,Russ Fega,Jorja Fox,Stephen Tobolowsky,Harriet Sansom Harris,Thomas Lennon,Callum Keith Rennie,Kimberly Campbell,Marianne Muellerleile,Larry Holden
Tom Skerritt,Sigourney Weaver,Veronica Cartwright,Harry Dean Stanton,John Hurt,Ian Holm,Yaphet Kotto,Bolaji Badejo,Helen Horton
Tsutomu Tatsumi,Ayano Shiraishi,Yoshiko Shinohara,Akemi Yamaguchi,Tadashi Nakamura,Marcy Bannor,Shelley Calene-Black,Luci Christian,Shannon Conley,Justin Doran,Crispin Freeman,Adam Gibbs,Dan Green,Amy Jones,Susan O. Koozin
Antonella Attili,Enzo Cannavale,Isa Danieli,Leo Gullotta,Marco Leonardi,Pupella Maggio,Agnese Nano,Leopoldo Trieste,Salvatore Cascio,Tano Cimarosa,Nicola Di Pinto,Roberta Lena,Nino Terzo,Jacques Perrin,Philippe Noiret
Charles Chaplin,Jack Oakie,Reginald Gardiner,Henry Daniell,Billy Gilbert,Grace Hayle,Carter DeHaven,Paulette Goddard,Maurice Moscovitch,Emma Dunn,Bernard Gorcey,Paul Weigel,Chester Conklin,Esther Michelson,Hank Mann
William Holden,Gloria Swanson,Erich von Stroheim,Nancy Olson,Fred Clark,Lloyd Gough,Jack Webb,Franklyn Farnum,Larry J. Blake,Charles Dayton,Cecil B. DeMille,Hedda Hopper,Buster Keaton,Anna Q. Nilsson,H.B. Warner
Martina Gedeck,Ulrich Mühe,Sebastian Koch,Ulrich Tukur,Thomas Thieme,Hans-Uwe Bauer,Volkmar Kleinert,Matthias Brenner,Charly Hübner,Herbert Knaup,Bastian Trost,Marie Gruber,Volker Michalowski,Werner Daehn,Martin Brambach
Peter Sellers,George C. Scott,Sterling Hayden,Keenan Wynn,Slim Pickens,Peter Bull,James Earl Jones,Tracy Reed,Jack Creley,Frank Berry,Robert O'Neil,Glenn Beck,Roy Stephens,Shane Rimmer,Hal Galili
Kirk Douglas,Ralph Meeker,Adolphe Menjou,George Macready,Wayne Morris,Richard Anderson,Joe Turkel,Christiane Kubrick,Jerry Hausner,Peter Capell,Emile Meyer,Bert Freed,Kem Dibbs,Timothy Carey,Fred Bell
Robert Downey Jr.,Chris Hemsworth,Mark Ruffalo,Chris Evans,Scarlett Johansson,Don Cheadle,Benedict Cumberbatch,Tom Holland,Chadwick Boseman,Zoe Saldana,Karen Gillan,Tom Hiddleston,Paul Bettany,Elizabeth Olsen,Anthony Mackie
Jack Nicholson,Shelley Duvall,Danny Lloyd,Scatman Crothers,Barry Nelson,Philip Stone,Joe Turkel,Anne Jackson,Tony Burton,Lia Beldam,Billie Gibson,Barry Dennen,David Baxt,Manning Redwood,Lisa Burns
Jamie Foxx,Christoph Waltz,Leonardo DiCaprio,Kerry Washington,Samuel L. Jackson,Walton Goggins,Dennis Christopher,James Remar,David Steen,Dana Gourrier,Nichole Galicia,Laura Cayouette,Ato Essandoh,Sammi Rotibi,Clay Donahue Fontenot
Ben Burtt,Elissa Knight,Jeff Garlin,Fred Willard,MacInTalk,John Ratzenberger,Kathy Najimy,Sigourney Weaver,Teddy Newton,Bob Bergen,John Cygan,Pete Docter,Paul Eiding,Donald Fullilove,Teresa Ganzel
Billy Crudup,Billy Bob Thornton,Minnie Driver,John DiMaggio,Claire Danes,John DeMita,Jada Pinkett Smith,Gillian Anderson,Keith David,Corey Burton,Tara Strong,Julia Fletcher,Debi Derryberry,Alex Fernandez,Jack Fletcher
Tyrone Power,Marlene Dietrich,Charles Laughton,Elsa Lanchester,John Williams,Henry Daniell,Ian Wolfe,Torin Thatcher,Norma Varden,Una O'Connor,Francis Compton,Philip Tonge,Ruta Lee
Min-sik Choi,Ji-tae Yu,Hye-jeong Kang,Dae-han Ji,Dal-su Oh,Byeong-ok Kim,Seung-shin Lee,Jin-Seo Yoon,Dae-yeon Lee,Kwang-rok Oh,Tae-kyung Oh,Yeon-Seok Yoo,Il-han Oo,Su-hyeon Kim,Seung-jin Lee
Christian Bale,Gary Oldman,Tom Hardy,Joseph Gordon-Levitt,Anne Hathaway,Marion Cotillard,Morgan Freeman,Michael Caine,Matthew Modine,Alon Aboutboul,Ben Mendelsohn,Burn Gorman,Daniel Sunjata,Aidan Gillen,Sam Kennard
Sigourney Weaver,Carrie Henn,Michael Biehn,Paul Reiser,Lance Henriksen,Bill Paxton,William Hope,Jenette Goldstein,Al Matthews,Mark Rolston,Ricco Ross,Colette Hiller,Daniel Kash,Cynthia Dale Scott,Tip Tipping
Kevin Spacey,Annette Bening,Thora Birch,Wes Bentley,Mena Suvari,Peter Gallagher,Allison Janney,Chris Cooper,Scott Bakula,Sam Robards,Barry Del Sherman,Ara Celi,John Cho,Fort Atkinson,Sue Casey
Robert De Niro,James Woods,Elizabeth McGovern,Treat Williams,Tuesday Weld,Burt Young,Joe Pesci,Danny Aiello,William Forsythe,James Hayden,Darlanne Fluegel,Larry Rapp,Dutch Miller,Robert Harper,Richard Bright
Anthony Gonzalez,Gael García Bernal,Benjamin Bratt,Alanna Ubach,Renee Victor,Jaime Camil,Alfonso Arau,Herbert Siguenza,Gabriel Iglesias,Lombardo Boyar,Ana Ofelia Murguía,Natalia Cordova-Buckley,Selene Luna,Edward James Olmos,Sofía Espinosa
Jürgen Prochnow,Herbert Grönemeyer,Klaus Wennemann,Hubertus Bengsch,Martin Semmelrogge,Bernd Tauber,Erwin Leder,Martin May,Heinz Hoenig,Uwe Ochsenknecht,Claude-Oliver Rudolph,Jan Fedder,Ralf Richter,Joachim Bernhard,Oliver Stritzel
Joseph Cotten,Dorothy Comingore,Agnes Moorehead,Ruth Warrick,Ray Collins,Erskine Sanford,Everett Sloane,William Alland,Paul Stewart,George Coulouris,Fortunio Bonanova,Gus Schilling,Philip Van Zandt,Georgia Backus,Harry Shannon
James Robinson,Sean Lawlor,Sandy Nelson,James Cosmo,Sean McGinley,Alan Tall,Andrew Weir,Gerda Stevenson,Ralph Riach,Mhairi Calvey,Brian Cox,Patrick McGoohan,Peter Hanly,Sophie Marceau,Stephen Billington
James Stewart,Kim Novak,Barbara Bel Geddes,Tom Helmore,Henry Jones,Raymond Bailey,Ellen Corby,Konstantin Shayne,Lee Patrick
Cary Grant,Eva Marie Saint,James Mason,Jessie Royce Landis,Leo G. Carroll,Josephine Hutchinson,Philip Ober,Martin Landau,Adam Williams,Edward Platt,Robert Ellenstein,Les Tremayne,Philip Coolidge,Patrick McVey,Edward Binns
Harvey Keitel,Tim Roth,Michael Madsen,Chris Penn,Steve Buscemi,Lawrence Tierney,Randy Brooks,Kirk Baltz,Edward Bunker,Quentin Tarantino,Rich Turner,David Steen,Tony Cosmo,Stevo Polyi,Michael Sottile
Mark Hamill,Harrison Ford,Carrie Fisher,Billy Dee Williams,Anthony Daniels,Peter Mayhew,Sebastian Shaw,Ian McDiarmid,Frank Oz,James Earl Jones,David Prowse,Alec Guinness,Kenny Baker,Michael Pennington,Kenneth Colley
Ryûnosuke Kamiki,Mone Kamishiraishi,Ryô Narita,Aoi Yûki,Nobunaga Shimazaki,Kaito Ishikawa,Kanon Tani,Masaki Terasoma,Sayaka Ôhara,Kazuhiko Inoue,Chafûrin,Kana Hanazawa,Yuka Terasaki,Takashi Onozuka,Yôhei Namekawa
Peter Lorre,Ellen Widmann,Inge Landgut,Otto Wernicke,Theodor Loos,Gustaf Gründgens,Friedrich Gnaß,Fritz Odemar,Paul Kemp,Theo Lingen,Rudolf Blümner,Georg John,Franz Stein,Ernst Stahl-Nachbaur,Gerhard Bienert
F. Murray Abraham,Tom Hulce,Elizabeth Berridge,Roy Dotrice,Simon Callow,Christine Ebersole,Jeffrey Jones,Charles Kay,Kenneth McMillan,Kenny Baker,Lisbeth Bartlett,Barbara Bryne,Martin Cavina,Roderick Cook,Milan Demjanenko
Ellen Burstyn,Jared Leto,Jennifer Connelly,Marlon Wayans,Christopher McDonald,Louise Lasser,Marcia Jean Kurtz,Janet Sarno,Suzanne Shepherd,Joanne Gordon,Charlotte Aronofsky,Mark Margolis,Michael Kaycheck,Jack O'Connell,Chas Mastin
Aamir Khan,Fatima Sana Shaikh,Sanya Malhotra,Sakshi Tanwar,Aparshakti Khurana,Zaira Wasim,Suhani Bhatnagar,Ritvik Sahore,Girish Kulkarni,Ravi Aneja,Anurag Arora,Mahesh Balraj,Vivan Bhatena,Anmol Charan,Karmveer Choudhary
Aamir Khan,Madhavan,Sharman Joshi,Kareena Kapoor,Boman Irani,Omi Vaidya,Mona Singh,Javed Jaffrey,Parikshat Sahni,Olivier Lafont,Rahul Kumar,Amardeep Jha,Farida Dadi,Mukund Bhatt,Chaitali Bose
Darsheel Safary,Aamir Khan,Tisca Chopra,Vipin Sharma,Sachet Engineer,Tanay Chheda,Lalitha Lajmi,Girija Oak,Ravi Khanvilkar,Pratima Kulkarni,Meghna Malik,Sonali Sachdev,Sanjay Dadich,Raaj Gopal Iyer,Bugs Bhargava
Keir Dullea,Gary Lockwood,William Sylvester,Daniel Richter,Leonard Rossiter,Margaret Tyzack,Robert Beatty,Sean Sullivan,Douglas Rain,Frank Miller,Bill Weston,Ed Bishop,Glenn Beck,Alan Gifford,Ann Gillis
Jim Carrey,Kate Winslet,Gerry Robert Byrne,Elijah Wood,Thomas Jay Ryan,Mark Ruffalo,Jane Adams,David Cross,Kirsten Dunst,Tom Wilkinson,Ryan Whitney,Debbon Ayer,Amir Ali Said,Brian Price,Paulie Litt
Peter O'Toole,Alec Guinness,Anthony Quinn,Jack Hawkins,Omar Sharif,José Ferrer,Anthony Quayle,Claude Rains,Arthur Kennedy,Donald Wolfit,I.S. Johar,Gamil Ratib,Michel Ray,John Dimech,Zia Mohyeddin
Tom Hanks,Tim Allen,Don Rickles,Jim Varney,Wallace Shawn,John Ratzenberger,Annie Potts,John Morris,Erik von Detten,Laurie Metcalf,R. Lee Ermey,Sarah Freeman,Penn Jillette,Jack Angel,Spencer Aste
Malcolm McDowell,Patrick Magee,Michael Bates,Warren Clarke,John Clive,Adrienne Corri,Carl Duering,Paul Farrell,Clive Francis,Michael Gover,Miriam Karlin,James Marcus,Aubrey Morris,Godfrey Quigley,Sheila Raynor
Audrey Tautou,Mathieu Kassovitz,Rufus,Lorella Cravotta,Serge Merlin,Jamel Debbouze,Clotilde Mollet,Claire Maurier,Isabelle Nanty,Dominique Pinon,Artus de Penguern,Yolande Moreau,Urbain Cancelier,Maurice Bénichou,Michel Robin
Fred MacMurray,Barbara Stanwyck,Edward G. Robinson,Porter Hall,Jean Heather,Tom Powers,Byron Barr,Richard Gaines,Fortunio Bonanova,John Philliber
Gene Kelly,Donald O'Connor,Debbie Reynolds,Jean Hagen,Millard Mitchell,Cyd Charisse,Douglas Fowley,Rita Moreno
Diahnne Abbott,Frank Adu,Victor Argo,Gino Ardito,Garth Avery,Peter Boyle,Albert Brooks,Harry Cohn,Copper Cunningham,Robert De Niro,Brenda Dickson,Harry Fischler,Jodie Foster,Nat Grant,Leonard Harris
Brad Pitt,Mélanie Laurent,Christoph Waltz,Eli Roth,Michael Fassbender,Diane Kruger,Daniel Brühl,Til Schweiger,Gedeon Burkhard,Jacky Ido,B.J. Novak,Omar Doom,August Diehl,Denis Ménochet,Sylvester Groth
Matthew Modine,Adam Baldwin,Vincent D'Onofrio,R. Lee Ermey,Dorian Harewood,Kevyn Major Howard,Arliss Howard,Ed O'Ross,John Terry,Kieron Jecchinis,Kirk Taylor,Tim Colceri,Jon Stafford,Bruce Boa,Ian Tyler
Lamberto Maggiorani,Enzo Staiola,Lianella Carell,Elena Altieri,Gino Saltamerenda,Giulio Chiari,Vittorio Antonucci,Michele Sakara,Fausto Guerzoni,Emma Druetti,Carlo Jachino
Gregory Peck,John Megna,Frank Overton,Rosemary Murphy,Ruth White,Brock Peters,Estelle Evans,Paul Fix,Collin Wilcox Paxton,James Anderson,Alice Ghostley,Robert Duvall,William Windom,Crahan Denton,Richard Hale
Carl Miller,Edna Purviance,Jackie Coogan,Charles Chaplin
Matt Damon,Ben Affleck,Stellan Skarsgård,John Mighton,Rachel Majorowski,Colleen McCauley,Casey Affleck,Cole Hauser,Matt Mercier,Ralph St. George,Rob Lynds,Dan Washington,Alison Folland,Derrick Bridgeman,Vik Sahay
Paul Newman,Robert Redford,Robert Shaw,Charles Durning,Ray Walston,Eileen Brennan,Harold Gould,John Heffernan,Dana Elcar,Jack Kehoe,Dimitra Arliss,Robert Earl Jones,James Sloyan,Charles Dierkop,Lee Paul
Tom Hanks,Tim Allen,Joan Cusack,Ned Beatty,Don Rickles,Michael Keaton,Wallace Shawn,John Ratzenberger,Estelle Harris,John Morris,Jodi Benson,Emily Hahn,Laurie Metcalf,Blake Clark,Teddy Newton
Mads Mikkelsen,Thomas Bo Larsen,Annika Wedderkopp,Lasse Fogelstrøm,Susse Wold,Anne Louise Hassing,Lars Ranthe,Alexandra Rapaport,Sebastian Bull Sarning,Steen Ordell Guldbrand Jensen,Daniel Engstrup,Troels Thorsen,Søren Rønholt,Hana Shuan,Jytte Kvinesdal
Benicio Del Toro,Dennis Farina,Vinnie Jones,Brad Pitt,Rade Serbedzija,Jason Statham,Alan Ford,Mike Reid,Robbie Gee,Lennie James,Ewen Bremner,Jason Flemyng,Ade,William Beck,Andy Beckwith
Al Pacino,Steven Bauer,Michelle Pfeiffer,Mary Elizabeth Mastrantonio,Robert Loggia,Miriam Colon,F. Murray Abraham,Paul Shenar,Harris Yulin,Ángel Salazar,Arnaldo Santana,Pepe Serna,Michael P. Moran,Al Israel,Dennis Holahan
Clint Eastwood,Lee Van Cleef,Gian Maria Volontè,Mario Brega,Luigi Pistilli,Aldo Sambrell,Klaus Kinski,Benito Stefanelli,Luis Rodríguez,Panos Papadopulos,Mara Krupp,Roberto Camardiel,Joseph Egger,Tomás Blanco,Lorenzo Robledo
Jack Lemmon,Shirley MacLaine,Fred MacMurray,Ray Walston,Jack Kruschen,David Lewis,Hope Holiday,Joan Shawlee,Naomi Stevens,Johnny Seven,Joyce Jameson,Willard Waterman,David White,Edie Adams
Graham Chapman,John Cleese,Eric Idle,Terry Gilliam,Terry Jones,Michael Palin,Connie Booth,Carol Cleveland,Neil Innes,Bee Duffell,John Young,Rita Davies,Avril Stewart,Sally Kinghorn,Mark Zycon
Alfred Abel,Gustav Fröhlich,Rudolf Klein-Rogge,Fritz Rasp,Theodor Loos,Erwin Biswanger,Heinrich George,Brigitte Helm
Kevin Spacey,Russell Crowe,Guy Pearce,James Cromwell,Kim Basinger,Danny DeVito,David Strathairn,Ron Rifkin,Matt McCoy,Paul Guilfoyle,Paolo Seganti,Elisabeth Granli,Sandra Taylor,Steve Rankin,Graham Beckel
Payman Maadi,Leila Hatami,Sareh Bayat,Shahab Hosseini,Sarina Farhadi,Merila Zare'i,Ali-Asghar Shahbazi,Babak Karimi,Kimia Hosseini,Shirin Yazdanbakhsh,Sohibanoo Zolqadr,Mohammadhasan Asghari,Shirin Azimiyannezhad,Hamid Dadju,Mohammad Ebrahimian
Harrison Ford,Sean Connery,Denholm Elliott,Alison Doody,John Rhys-Davies,Julian Glover,River Phoenix,Michael Byrne,Kevork Malikyan,Robert Eddison,Richard Young,Alexei Sayle,Alex Hyde-White,Paul Maxwell,Isla Blair
Toshirô Mifune,Machiko Kyô,Masayuki Mori,Takashi Shimura,Minoru Chiaki,Kichijirô Ueda,Noriko Honma,Daisuke Katô
Edward Asner,Christopher Plummer,Jordan Nagai,Bob Peterson,Delroy Lindo,Jerome Ranft,John Ratzenberger,David Kaye,Elie Docter,Jeremy Leary,Mickie McGowan,Danny Mann,Donald Fullilove,Jess Harnell,Josh Cooley
Bette Davis,Anne Baxter,George Sanders,Celeste Holm,Gary Merrill,Hugh Marlowe,Gregory Ratoff,Barbara Bates,Marilyn Monroe,Thelma Ritter,Walter Hampden,Randy Stuart,Craig Hill,Leland Harris,Barbara White
Christian Bale,Michael Caine,Liam Neeson,Katie Holmes,Gary Oldman,Cillian Murphy,Tom Wilkinson,Rutger Hauer,Ken Watanabe,Mark Boone Junior,Linus Roache,Morgan Freeman,Larry Holden,Gerard Murphy,Colin McFarlane
Toshirô Mifune,Tatsuya Nakadai,Yôko Tsukasa,Isuzu Yamada,Daisuke Katô,Seizaburô Kawazu,Takashi Shimura,Hiroshi Tachikawa,Yôsuke Natsuki,Eijirô Tôno,Kamatari Fujiwara,Ikio Sawamura,Atsushi Watanabe,Susumu Fujita,Kyû Sazanka
Marilyn Monroe,Tony Curtis,Jack Lemmon,George Raft,Pat O'Brien,Joe E. Brown,Nehemiah Persoff,Joan Shawlee,Billy Gray,George E. Stone,Dave Barry,Mike Mazurki,Harry Wilson,Beverly Wills,Barbara Drew
Bruno Ganz,Alexandra Maria Lara,Corinna Harfouch,Ulrich Matthes,Juliane Köhler,Heino Ferch,Christian Berkel,Matthias Habich,Thomas Kretschmann,Michael Mendl,André Hennicke,Ulrich Noethen,Birgit Minichmayr,Rolf Kanies,Justus von Dohnányi
Clint Eastwood,Gene Hackman,Morgan Freeman,Richard Harris,Jaimz Woolvett,Saul Rubinek,Frances Fisher,Anna Levine,David Mucci,Rob Campbell,Anthony James,Tara Frederick,Beverley Elliott,Liisa Repo-Martell,Josie Smith
Bruce Willis,Bonnie Bedelia,Reginald VelJohnson,Paul Gleason,William Atherton,Hart Bochner,James Shigeta,Alan Rickman,Alexander Godunov,Bruno Doyon,De'voreaux White,Andreas Wisniewski,Clarence Gilyard Jr.,Joey Plewa,Lorenzo Caccialanza
Humphrey Bogart,Walter Huston,Tim Holt,Bruce Bennett,Barton MacLane,Alfonso Bedoya,Arturo Soto Rangel,Manuel Dondé,José Torvay,Margarito Luna
Al Pacino,Robert De Niro,Val Kilmer,Jon Voight,Tom Sizemore,Diane Venora,Amy Brenneman,Ashley Judd,Mykelti Williamson,Wes Studi,Ted Levine,Dennis Haysbert,William Fichtner,Natalie Portman,Tom Noonan
Mustafa Kamel,Hussein Sami,Rémy Girard,Mélissa Désormeaux-Poulin,Maxim Gaudette,Dominique Briand,Lubna Azabal,Frédéric Paquet,Hamed Najem,Ahmad Massad,Bader Alami,Majida Hussein,Asriah Nijres,John Dunn-Hill,Nadia Essadiqi
Viggo Mortensen,Mahershala Ali,Linda Cardellini,Sebastian Maniscalco,Dimiter D. Marinov,Mike Hatton,P.J. Byrne,Joe Cortese,Maggie Nixon,Von Lewis,Jon Sortland,Don Stark,Anthony Mangano,Paul Sloan,Quinn Duffy
Takashi Shimura,Shin'ichi Himori,Haruo Tanaka,Minoru Chiaki,Miki Odagiri,Bokuzen Hidari,Minosuke Yamada,Kamatari Fujiwara,Makoto Kobori,Nobuo Kaneko,Nobuo Nakamura,Atsushi Watanabe,Isao Kimura,Masao Shimizu,Yûnosuke Itô
Robert De Niro,Cathy Moriarty,Joe Pesci,Frank Vincent,Nicholas Colasanto,Theresa Saldana,Mario Gallo,Frank Adonis,Joseph Bono,Frank Topham,Lori Anne Flax,Charles Scorsese,Don Dunphy,Bill Hanrahan,Rita Bennett
Steve McQueen,James Garner,Richard Attenborough,James Donald,Charles Bronson,Donald Pleasence,James Coburn,Hannes Messemer,David McCallum,Gordon Jackson,John Leyton,Angus Lennie,Nigel Stock,Robert Graf,Jud Taylor
Mohammad Amir Naji,Amir Farrokh Hashemian,Bahare Seddiqi,Nafise Jafar-Mohammadi,Fereshte Sarabandi,Kamal Mirkarimi,Behzad Rafi,Dariush Mokhtari,Mohammad-Hasan Hosseinian,Masume Dair,Kambiz Peykarnegar,Hasan Roohparvari,Abbas-Ali Roomandi,Jafar Seyfollahi,Qolamreza Maleki
Ivana Baquero,Sergi López,Maribel Verdú,Doug Jones,Ariadna Gil,Álex Angulo,Manolo Solo,César Vea,Roger Casamajor,Ivan Massagué,Gonzalo Uriarte,Eusebio Lázaro,Francisco Vidal,Juanjo Cucalón,Lina Mira
Jack Nicholson,Faye Dunaway,John Huston,Perry Lopez,John Hillerman,Darrell Zwerling,Diane Ladd,Roy Jenson,Roman Polanski,Richard Bakalyan,Joe Mantell,Bruce Glover,Nandu Hinds,James O'Rear,James Hong
Çetin Tekindor,Fikret Kuskan,Hümeyra,Ege Tanman,Serif Sezer,Yetkin Dikinciler,Binnur Kaya,Mahmut Gökgöz,Nergis Çorakçi,Bilge Sen,Tuba Büyüküstün,Özge Özberk,Erdal Tosun,Halit Ergenç,Tugyan Akay Kavukçu
Noriko Hidaka,Chika Sakamoto,Shigesato Itoi,Sumi Shimamoto,Tanie Kitabayashi,Hitoshi Takagi,Yûko Maruyama,Machiko Washio,Reiko Suzuki,Masashi Hirose,Toshiyuki Amagasa,Shigeru Chiba,Naoki Tatsuta,Tarako,Tomohiro Nishimura
Joseph Cotten,Alida Valli,Orson Welles,Trevor Howard,Bernard Lee,Paul Hörbiger,Ernst Deutsch,Siegfried Breuer,Erich Ponto,Wilfrid Hyde-White,Hedwig Bleibtreu
Chieko Baishô,Takuya Kimura,Akihiro Miwa,Tatsuya Gashûin,Ryûnosuke Kamiki,Mitsunori Isaki,Yô Ôizumi,Akio Ôtsuka,Daijirô Harada,Haruko Katô,Jean Simmons,Christian Bale,Lauren Bacall,Blythe Danner,Emily Mortimer
Tatsuya Nakadai,Akira Terao,Jinpachi Nezu,Daisuke Ryû,Mieko Harada,Yoshiko Miyazaki,Hisashi Igawa,Pîtâ,Masayuki Yui,Kazuo Katô,Norio Matsui,Toshiya Ito,Kenji Kodama,Takashi Watanabe,Mansai Nomura
Spencer Tracy,Burt Lancaster,Richard Widmark,Marlene Dietrich,Maximilian Schell,Judy Garland,Montgomery Clift,William Shatner,Werner Klemperer,Kenneth MacKenna,Torben Meyer,Joseph Bernard,Alan Baxter,Edward Binns,Virginia Christine
Soledad Villamil,Ricardo Darín,Carla Quevedo,Pablo Rago,Javier Godino,Bárbara Palladino,Rudy Romano,Alejandro Abelenda,Mario Alarcón,Guillermo Francella,Sebastián Blanco,Mariano Argento,José Luis Gioia,Juan José Ortíz,Kiko Cerone
Charles Chaplin,Mack Swain,Tom Murray,Henry Bergman,Malcolm Waite,Georgia Hale
William Holden,Alec Guinness,Jack Hawkins,Sessue Hayakawa,James Donald,Geoffrey Horne,André Morell,Peter Williams,John Boxer,Percy Herbert,Harold Goodwin,Ann Sears,Heihachirô Ôkawa,Keiichirô Katsumoto,M.R.B. Chakrabandhu
Russell Crowe,Ed Harris,Jennifer Connelly,Christopher Plummer,Paul Bettany,Adam Goldberg,Josh Lucas,Anthony Rapp,Jason Gray-Stanford,Judd Hirsch,Austin Pendleton,Vivien Cardone,Jillie Simon,Victor Steinbach,Tanya Clarke
Jason Flemyng,Dexter Fletcher,Nick Moran,Jason Statham,Steven Mackintosh,Nicholas Rowe,Nick Marcq,Charles Forbes,Vinnie Jones,Lenny McLean,Peter McNicholl,P.H. Moriarty,Frank Harper,Steve Sweeney,Huggy Leaver
Robert De Niro,Sharon Stone,Joe Pesci,James Woods,Don Rickles,Alan King,Kevin Pollak,L.Q. Jones,Dick Smothers,Frank Vincent,John Bloom,Pasquale Cajano,Melissa Prophet,Bill Allison,Vinny Vella
Gunnar Björnstrand,Bengt Ekerot,Nils Poppe,Max von Sydow,Bibi Andersson,Inga Gill,Maud Hansson,Inga Landgré,Gunnel Lindblom,Bertil Anderberg,Anders Ek,Åke Fridell,Gunnar Olsson,Erik Strandmark
Frances McDormand,Caleb Landry Jones,Kerry Condon,Sam Rockwell,Alejandro Barrios,Jason Ledford,Darrell Britt-Gibson,Woody Harrelson,Abbie Cornish,Riya May Atwood,Selah Atwood,Lucas Hedges,Zeljko Ivanek,Amanda Warren,Malaya Rivera Drew
Marlon Brando,Karl Malden,Lee J. Cobb,Rod Steiger,Pat Henning,Leif Erickson,James Westerfield,Tony Galento,Tami Mauriello,John F. Hamilton,John Heldabrand,Rudy Bond,Don Blackman,Arthur Keegan,Abe Simon
Ayushmann Khurrana,Tabu,Radhika Apte,Anil Dhawan,Manav Vij,Ashwini Kalsekar,Chhaya Kadam,Zakir Hussain,Rashmi Agdekar,Abhishek Shukla,Mohini Kewalramani,Nikitasha Kapoor,Saumin Patel,Hera Sajid,Pratik Nandkumar More
Amy Poehler,Phyllis Smith,Richard Kind,Bill Hader,Lewis Black,Mindy Kaling,Kaitlyn Dias,Diane Lane,Kyle MacLachlan,Paula Poundstone,Bobby Moynihan,Paula Pell,Dave Goelz,Frank Oz,Josh Cooley
Anthony Hopkins,John Hurt,Anne Bancroft,John Gielgud,Wendy Hiller,Freddie Jones,Michael Elphick,Hannah Gordon,Helen Ryan,John Standing,Dexter Fletcher,Lesley Dunlop,Phoebe Nicholls,Pat Gorman,Claire Davenport
Leonardo DiCaprio,Jonah Hill,Margot Robbie,Matthew McConaughey,Kyle Chandler,Rob Reiner,Jon Bernthal,Jon Favreau,Jean Dujardin,Joanna Lumley,Cristin Milioti,Christine Ebersole,Shea Whigham,Katarina Cas,P.J. Byrne
Natalie Portman,Hugo Weaving,Stephen Rea,Stephen Fry,John Hurt,Tim Pigott-Smith,Rupert Graves,Roger Allam,Ben Miles,Sinéad Cusack,Natasha Wightman,John Standing,Eddie Marsan,Clive Ashborn,Emma Field-Rayner
Brie Larson,Jacob Tremblay,Sean Bridgers,Wendy Crewson,Sandy McMaster,Matt Gordon,Amanda Brugel,Joe Pingue,Joan Allen,Zarrin Darnell-Martin,Cas Anvar,William H. Macy,Jee-Yun Lee,Randal Edwards,Justin Mader
Jean Arthur,James Stewart,Claude Rains,Edward Arnold,Guy Kibbee,Thomas Mitchell,Eugene Pallette,Beulah Bondi,H.B. Warner,Harry Carey,Astrid Allwyn,Ruth Donnelly,Grant Mitchell,Porter Hall,H.V. Kaltenborn
Joel Edgerton,Tom Hardy,Nick Nolte,Jennifer Morrison,Frank Grillo,Kevin Dunn,Maximiliano Hernández,Bryan Callen,Sam Sheridan,Fernando Chien,Jake McLaughlin,Vanessa Martinez,Denzel Whitaker,Carlos Miranda,Manuel Espinosa
Harrison Ford,Rutger Hauer,Sean Young,Edward James Olmos,M. Emmet Walsh,Daryl Hannah,William Sanderson,Brion James,Joe Turkel,Joanna Cassidy,James Hong,Morgan Paull,Kevin Thompson,John Edward Allen,Hy Pyke
Ray Milland,Grace Kelly,Robert Cummings,John Williams,Anthony Dawson,Leo Britt,Patrick Allen,George Leigh,George Alderson,Robin Hughes
Tommy Lee Jones,Javier Bardem,Josh Brolin,Woody Harrelson,Kelly Macdonald,Garret Dillahunt,Tess Harper,Barry Corbin,Stephen Root,Rodger Boyce,Beth Grant,Ana Reeder,Kit Gwin,Zach Hopkins,Chip Love
Victor Sjöström,Bibi Andersson,Ingrid Thulin,Gunnar Björnstrand,Jullan Kindahl,Folke Sundquist,Björn Bjelfvenstam,Naima Wifstrand,Gunnel Broström,Gertrud Fridh,Sif Ruud,Gunnar Sjöberg,Max von Sydow,Åke Fridell,Yngve Nordwall
Daniel Day-Lewis,Martin Stringer,Matthew Braden Stringer,Jacob Stringer,Joseph Mussey,Barry Del Sherman,Harrison Taylor,Stockton Taylor,Paul F. Tompkins,Dillon Freasier,Kevin Breznahan,Jim Meskimen,Erica Sullivan,Randall Carver,Coco Leigh
Buster Keaton,Marion Mack,Glen Cavender,Jim Farley,Frederick Vroom,Charles Henry Smith,Frank Barnes,Joe Keaton,Mike Donlin,Tom Nawn
Ewan McGregor,Ewen Bremner,Jonny Lee Miller,Kevin McKidd,Robert Carlyle,Kelly Macdonald,Peter Mullan,James Cosmo,Eileen Nicholas,Susan Vidler,Pauline Lynch,Shirley Henderson,Stuart McQuarrie,Irvine Welsh,Dale Winton
Bruce Willis,Haley Joel Osment,Toni Collette,Olivia Williams,Trevor Morgan,Donnie Wahlberg,Peter Anthony Tambakis,Jeffrey Zubernis,Bruce Norris,Glenn Fitzgerald,Greg Wood,Mischa Barton,Angelica Page,Lisa Summerour,Firdous Bamji
Thomas Mitchell,Barbara O'Neil,Vivien Leigh,Evelyn Keyes,Ann Rutherford,George Reeves,Fred Crane,Hattie McDaniel,Oscar Polk,Butterfly McQueen,Victor Jory,Everett Brown,Howard C. Hickman,Alicia Rhett,Leslie Howard
Kurt Russell,Wilford Brimley,T.K. Carter,David Clennon,Keith David,Richard Dysart,Charles Hallahan,Peter Maloney,Richard Masur,Donald Moffat,Joel Polis,Thomas G. Waites,Norbert Weisser,Larry Franco,Nate Irwin
William H. Macy,Steve Buscemi,Peter Stormare,Kristin Rudrüd,Harve Presnell,Tony Denman,Gary Houston,Sally Wingert,Kurt Schweickhardt,Larissa Kokernot,Melissa Peterman,Steve Reevis,Warren Keith,Steve Edelman,Sharon Anderson
Aleksey Kravchenko,Olga Mironova,Liubomiras Laucevicius,Vladas Bagdonas,Jüri Lumiste,Viktors Lorencs,Kazimir Rabetsky,Evgeniy Tilicheev,Aleksandr Berda,G. Velts,V. Vasilyev,Igor Gnevashev,Vasiliy Domrachyov,G. Yelkin,Evgeniy Kryzhanovskiy
Clint Eastwood,Christopher Carley,Bee Vang,Ahney Her,Brian Haley,Geraldine Hughes,Dreama Walker,Brian Howe,John Carroll Lynch,William Hill,Brooke Chia Thao,Chee Thao,Choua Kue,Scott Eastwood,Xia Soua Chang
Albert Brooks,Ellen DeGeneres,Alexander Gould,Willem Dafoe,Brad Garrett,Allison Janney,Austin Pendleton,Stephen Root,Vicki Lewis,Joe Ranft,Geoffrey Rush,Andrew Stanton,Elizabeth Perkins,Nicholas Bird,Bob Peterson
Robert De Niro,John Cazale,John Savage,Christopher Walken,Meryl Streep,George Dzundza,Chuck Aspegren,Shirley Stoler,Rutanya Alda,Pierre Segui,Mady Kaplan,Amy Wright,Mary Ann Haenel,Richard Kuss,Joe Grifasi
Leonardo DiCaprio,Mark Ruffalo,Ben Kingsley,Max von Sydow,Michelle Williams,Emily Mortimer,Patricia Clarkson,Jackie Earle Haley,Ted Levine,John Carroll Lynch,Elias Koteas,Robin Bartlett,Christopher Denham,Nellie Sciutto,Joseph Sikora
Jeff Bridges,John Goodman,Julianne Moore,Steve Buscemi,David Huddleston,Philip Seymour Hoffman,Tara Reid,Philip Moon,Mark Pellegrino,Peter Stormare,Flea,Torsten Voges,Jimmie Dale Gilmore,Jack Kehler,John Turturro
Buster Keaton,Kathryn McGuire,Joe Keaton,Erwin Connelly,Ward Crane
Uma Thurman,Lucy Liu,Vivica A. Fox,Daryl Hannah,David Carradine,Michael Madsen,Julie Dreyfus,Chiaki Kuriyama,Shin'ichi Chiba,Chia-Hui Liu,Michael Parks,Michael Bowen,Jun Kunimura,Kenji Ohba,Yuki Kazamatsuri
Paul Newman,George Kennedy,J.D. Cannon,Lou Antonio,Robert Drivas,Strother Martin,Jo Van Fleet,Clifton James,Morgan Woodward,Luke Askew,Marc Cavell,Richard Davalos,Robert Donner,Warren Finnerty,Dennis Hopper
Chishû Ryû,Chieko Higashiyama,Setsuko Hara,Haruko Sugimura,Sô Yamamura,Kuniko Miyake,Kyôko Kagawa,Eijirô Tôno,Nobuo Nakamura,Shirô Ôsaka,Hisao Toake,Teruko Nagaoka,Mutsuko Sakura,Toyo Takahashi,Tôru Abe
Laurence Olivier,Joan Fontaine,George Sanders,Judith Anderson,Nigel Bruce,Reginald Denny,C. Aubrey Smith,Gladys Cooper,Florence Bates,Melville Cooper,Leo G. Carroll,Leonard Carey,Lumsden Hare,Edward Fielding,Philip Winter
Toni Collette,Philip Seymour Hoffman,Barry Humphries,Eric Bana,Bethany Whitmore,Renée Geyer,Ian 'Molly' Meldrum,Julie Forsyth,John Flaus,Christopher Massey,Shaun Patten,Carolyn Shakespeare-Allen,Leanne Smith
Andrew Garfield,Richard Pyros,Jacob Warner,Milo Gibson,Darcy Bryce,Roman Guerriero,James Lugton,Kasia Stelmach,Hugo Weaving,Rachel Griffiths,Jarin Towney,Tim McGarry,Tyler Coppin,Teresa Palmer,Richard Platt
Jay Baruchel,Gerard Butler,Craig Ferguson,America Ferrera,Jonah Hill,Christopher Mintz-Plasse,T.J. Miller,Kristen Wiig,Robin Atkin Downes,Philip McGrade,Kieron Elliott,Ashley Jensen,David Tennant
Sam Neill,Laura Dern,Jeff Goldblum,Richard Attenborough,Bob Peck,Martin Ferrero,BD Wong,Joseph Mazzello,Ariana Richards,Samuel L. Jackson,Wayne Knight,Gerald R. Molen,Miguel Sandoval,Cameron Thor,Christopher John Fields
Ben Affleck,Rosamund Pike,Neil Patrick Harris,Tyler Perry,Carrie Coon,Kim Dickens,Patrick Fugit,David Clennon,Lisa Banes,Missi Pyle,Emily Ratajkowski,Casey Wilson,Lola Kirke,Boyd Holbrook,Sela Ward
Darío Grandinetti,María Marull,Mónica Villa,Diego Starosta,Marcelo Frasca,Lucila Mangone,María Laura Caccamo,Carlos Alberto Vavassori,Pablo Machado,Horacio Vay,Javier Pedersoli,Héctor Drachtman,María Rosa López Ottonello,Rita Cortese,Julieta Zylberberg
George O'Brien,Janet Gaynor,Margaret Livingston,Bodil Rosing,J. Farrell MacDonald,Ralph Sipperly,Jane Winton,Arthur Housman,Eddie Boland
Megumi Ogata,Megumi Hayashibara,Yûko Miyamura,Kotono Mitsuishi,Yuriko Yamaguchi,Fumihiko Tachiki,Akira Ishida,Motomu Kiyokawa,Mugihito,Takehito Koyasu,Hiro Yûki,Miki Nagasawa,Spike Spencer,Amanda Winn Lee,Tiffany Grant
Jim Carrey,Laura Linney,Noah Emmerich,Natascha McElhone,Holland Taylor,Brian Delate,Blair Slater,Peter Krause,Heidi Schanz,Ron Taylor,Don Taylor,Ted Raymond,Judy Clayton,Fritz Dominique,Angel Schmiedt
Alisa Freyndlikh,Aleksandr Kaydanovskiy,Anatoliy Solonitsyn,Nikolay Grinko,Natalya Abramova,Faime Jurno,E. Kostin,Raymo Rendi
Alison Crosbie,Daniel Day-Lewis,Philip King,Emma Thompson,Nye Heron,Anthony Brophy,Frankie McCafferty,Paul Warriner,Julian Walsh,Stuart Wolfenden,Jo Connor,Karen Carlisle,Seamus Moran,Billy Byrne,Maureen McBride
Ralph Fiennes,F. Murray Abraham,Mathieu Amalric,Adrien Brody,Willem Dafoe,Jeff Goldblum,Harvey Keitel,Jude Law,Bill Murray,Edward Norton,Saoirse Ronan,Jason Schwartzman,Léa Seydoux,Tilda Swinton,Tom Wilkinson
Emile Hirsch,Marcia Gay Harden,William Hurt,Jena Malone,Brian H. Dierker,Catherine Keener,Vince Vaughn,Kristen Stewart,Hal Holbrook,Jim Gallien,James O'Neill,Malinda McCollum,Paul Knauls,Zach Galifianakis,Craig Mutsch
Wil Wheaton,River Phoenix,Corey Feldman,Jerry O'Connell,Kiefer Sutherland,Casey Siemaszko,Gary Riley,Bradley Gregg,Jason Oliver,Marshall Bell,Frances Lee McCain,Bruce Kirby,William Bronder,Scott Beach,Richard Dreyfuss
Clark Gable,Claudette Colbert,Walter Connolly,Roscoe Karns,Jameson Thomas,Alan Hale,Arthur Hoyt,Blanche Friderici,Charles C. Wilson
Tom Berenger,Keith David,Willem Dafoe,Forest Whitaker,Francesco Quinn,Kevin Dillon,John C. McGinley,Reggie Johnson,Mark Moses,Corey Glover,Johnny Depp,Chris Pedersen,Bob Orwig,Corkey Ford,David Neidorf
Graham Chapman,John Cleese,Terry Gilliam,Eric Idle,Terry Jones,Michael Palin,Terence Bayler,Carol Cleveland,Kenneth Colley,Neil Innes,Charles McKeown,John Young,Gwen Taylor,Sue Jones-Davies,Peter Brett
Faye Dunaway,William Holden,Peter Finch,Robert Duvall,Wesley Addy,Ned Beatty,Arthur Burghardt,Bill Burrows,John Carpenter,Jordan Charney,Kathy Cronkite,Ed Crowley,Jerome Dempsey,Conchata Ferrell,Gene Gross
Kang-ho Song,Sang-kyung Kim,Roe-ha Kim,Jae-ho Song,Hee-Bong Byun,Seo-hie Ko,No-shik Park,Hae-il Park,Mi-seon Jeon,Young-hwa Seo,Bong-gi Baek,Hyeon-gi Choi,Jong-ryol Choi,Deok-jae Jo,Moon-ee Jo
Bibi Andersson,Liv Ullmann,Margaretha Krook,Gunnar Björnstrand
Charlton Heston,Jack Hawkins,Haya Harareet,Stephen Boyd,Hugh Griffith,Martha Scott,Cathy O'Donnell,Sam Jaffe,Finlay Currie,Frank Thring,Terence Longdon,George Relph,André Morell
Sener Sen,Ugur Yücel,Sermin Hürmeriç,Yesim Salkim,Kamran Usluer,Ülkü Duru,Özkan Ugur,Necdet Mahfi Ayral,Kayhan Yildizoglu,Güven Hokna,Kemal Inci,Melih Çardak,Settar Tanriögen,Celal Perk,Ümit Çirak
Chiwetel Ejiofor,Dwight Henry,Dickie Gravois,Bryan Batt,Ashley Dyke,Kelsey Scott,Quvenzhané Wallis,Cameron Zeigler,Tony Bentley,Scoot McNairy,Taran Killam,Christopher Berry,Bill Camp,Mister Mackey Jr.,Chris Chalk
Don Cheadle,Xolani Mali,Desmond Dube,Hakeem Kae-Kazim,Tony Kgoroge,Rosie Motene,Neil McCarthy,Mabutho 'Kid' Sithole,Nick Nolte,Fana Mokoena,Jeremiah Ndlovu,Sophie Okonedo,Lebo Mashile,Antonio David Lyons,Leleti Khumalo
Clint Eastwood,Hilary Swank,Morgan Freeman,Jay Baruchel,Mike Colter,Lucia Rijker,Brían F. O'Byrne,Anthony Mackie,Margo Martindale,Riki Lindhome,Michael Peña,Benito Martinez,Bruce MacVittie,David Powledge,Joe D'Angerio
Ethan Hawke,Julie Delpy,Andrea Eckert,Hanno Pöschl,Karl Bruckschwaiger,Tex Rubinowitz,Erni Mangold,Dominik Castell,Haymon Maria Buttinger,Harald Waiglein,Bilge Jeschim,Kurti,Hans Weingartner,Liese Lyon,Peter Ily Huemer
Anatoliy Solonitsyn,Ivan Lapikov,Nikolay Grinko,Nikolay Sergeev,Irina Tarkovskaya,Nikolay Burlyaev,Yuriy Nazarov,Yuriy Nikulin,Rolan Bykov,Nikolay Grabbe,Mikhail Kononov,Stepan Krylov,Bolot Beyshenaliev,B. Matysik,Anatoliy Obukhov
Yves Montand,Charles Vanel,Folco Lulli,Peter van Eyck,Véra Clouzot,William Tubbs,Darío Moreno,Jo Dest,Antonio Centa,Luis De Lima,Grégoire Gromoff,Joseph Palau-Fabre,Faustini,Seguna,Darling Légitimus
Tom Hardy,Charlize Theron,Nicholas Hoult,Hugh Keays-Byrne,Josh Helman,Nathan Jones,Zoë Kravitz,Rosie Huntington-Whiteley,Riley Keough,Abbey Lee,Courtney Eaton,John Howard,Richard Carter,Iota,Angus Sampson
Chris Hemsworth,Daniel Brühl,Olivia Wilde,Alexandra Maria Lara,Pierfrancesco Favino,David Calder,Natalie Dormer,Stephen Mangan,Christian McKay,Alistair Petrie,Julian Rhind-Tutt,Colin Stinton,Jamie de Courcey,Augusto Dallara,Ilario Calvo
Hugh Jackman,Jake Gyllenhaal,Viola Davis,Maria Bello,Terrence Howard,Melissa Leo,Paul Dano,Dylan Minnette,Zoë Soul,Erin Gerasimovich,Kyla-Drew,Wayne Duvall,Len Cariou,David Dastmalchian,Brad James
Jean-Pierre Léaud,Claire Maurier,Albert Rémy,Guy Decomble,Georges Flamant,Patrick Auffay,Daniel Couturier,François Nocher,Richard Kanayan,Renaud Fontanarosa,Michel Girard,Serge Moati,Bernard Abbou,Jean-François Bergouignan,Michel Lesignor
Richard Gere,Joan Allen,Cary-Hiroyuki Tagawa,Sarah Roemer,Jason Alexander,Erick Avari,Davenia McFadden,Robbie Sublett,Kevin DeCoste,Rob Degnan,Tora Hallström,Donna Sorbello,Frank S. Aronson,Troy Doherty,Ian Sherman
Maria Falconetti,Eugene Silvain,André Berley,Maurice Schutz,Antonin Artaud,Michel Simon,Jean d'Yd,Louis Ravet,Armand Lurville,Jacques Arnna,Alexandre Mihalesco,Léon Larive
Mark Ruffalo,Michael Keaton,Rachel McAdams,Liev Schreiber,John Slattery,Brian d'Arcy James,Stanley Tucci,Elena Wohl,Gene Amoroso,Doug Murray,Sharon McFarlane,Jamey Sheridan,Neal Huff,Billy Crudup,Robert B. Kennedy
Hugh Jackman,Patrick Stewart,Dafne Keen,Boyd Holbrook,Stephen Merchant,Elizabeth Rodriguez,Richard E. Grant,Eriq La Salle,Elise Neal,Quincy Fouse,Al Coronel,Frank Gallegos,Anthony Escobar,Reynaldo Gallegos,Krzysztof Soszynski
Emilio Echevarría,Gael García Bernal,Goya Toledo,Álvaro Guerrero,Vanessa Bauche,Jorge Salinas,Marco Pérez,Rodrigo Murray,Humberto Busto,Gerardo Campbell,Rosa María Bianchi,Dunia Saldívar,Adriana Barraza,José Sefami,Lourdes Echevarría
Leonardo DiCaprio,Tom Hanks,Christopher Walken,Martin Sheen,Nathalie Baye,Amy Adams,James Brolin,Brian Howe,Frank John Hughes,Steve Eastin,Chris Ellis,John Finn,Jennifer Garner,Nancy Lenehan,Ellen Pompeo
Cary Elwes,Mandy Patinkin,Chris Sarandon,Christopher Guest,Wallace Shawn,André the Giant,Fred Savage,Robin Wright,Peter Falk,Peter Cook,Mel Smith,Carol Kane,Billy Crystal,Anne Dyson,Margery Mason
Sumi Shimamoto,Mahito Tsujimura,Hisako Kyôda,Gorô Naya,Ichirô Nagai,Kôhei Miyauchi,Jôji Yanami,Minoru Yada,Rihoko Yoshida,Masako Sugaya,Takako Sasuga,Chika Sakamoto,Tarako,Yôji Matsuda,Mîna Tominaga
Ralph Fiennes,Michael Gambon,Alan Rickman,Daniel Radcliffe,Rupert Grint,Emma Watson,Evanna Lynch,Domhnall Gleeson,Clémence Poésy,Warwick Davis,John Hurt,Helena Bonham Carter,Graham Duff,Anthony Allgood,Rusty Goffe
Aamir Khan,Siddharth,Sharman Joshi,Kunal Kapoor,Atul Kulkarni,Alice Patten,Soha Ali Khan,Steven Mackintosh,Madhavan,Waheeda Rehman,Anupam Kher,Kiron Kher,Om Puri,Lekh Tandon,Cyrus Sahukar
Paul Newman,Robert Redford,Katharine Ross,Strother Martin,Henry Jones,Jeff Corey,George Furth,Cloris Leachman,Ted Cassidy,Kenneth Mars,Donnelly Rhodes,Jody Gilbert,Timothy Scott,Don Keefer,Charles Dierkop
Sylvester Stallone,Talia Shire,Burt Young,Carl Weathers,Burgess Meredith,Thayer David,Joe Spinell,Jimmy Gambina,Bill Baldwin,Al Silvani,George Memmoli,Jodi Letizia,Diana Lewis,George O'Hanlon,Larry Carroll
Ryan O'Neal,Marisa Berenson,Patrick Magee,Hardy Krüger,Steven Berkoff,Gay Hamilton,Marie Kean,Diana Körner,Murray Melvin,Frank Middlemass,André Morell,Arthur O'Sullivan,Godfrey Quigley,Leonard Rossiter,Philip Stone
John Goodman,Billy Crystal,Mary Gibbs,Steve Buscemi,James Coburn,Jennifer Tilly,Bob Peterson,John Ratzenberger,Frank Oz,Daniel Gerson,Steve Susskind,Bonnie Hunt,Jeff Pidgeon,Samuel Lord Black,Jack Angel
Henry Fonda,Jane Darwell,John Carradine,Charley Grapewin,Dorris Bowdon,Russell Simpson,O.Z. Whitehead,John Qualen,Eddie Quillan,Zeffie Tilbury,Frank Sully,Frank Darien,Darryl Hickman,Shirley Mills,Roger Imhof
Robin Williams,Robert Sean Leonard,Ethan Hawke,Josh Charles,Gale Hansen,Dylan Kussman,Allelon Ruggiero,James Waterston,Norman Lloyd,Kurtwood Smith,Carla Belver,Leon Pownall,George Martin,Joe Aufiery,Matt Carey
Humphrey Bogart,Mary Astor,Gladys George,Peter Lorre,Barton MacLane,Lee Patrick,Sydney Greenstreet,Ward Bond,Jerome Cowan,Elisha Cook Jr.,James Burke,Murray Alper,John Hamilton
Arnold Schwarzenegger,Michael Biehn,Linda Hamilton,Paul Winfield,Lance Henriksen,Rick Rossovich,Bess Motta,Earl Boen,Dick Miller,Shawn Schepps,Bruce M. Kerner,Franco Columbu,Bill Paxton,Brad Rearden,Brian Thompson
Ben Kingsley,Rohini Hattangadi,Roshan Seth,Candice Bergen,Edward Fox,John Gielgud,Trevor Howard,John Mills,Martin Sheen,Ian Charleson,Günther Maria Halmer,Athol Fugard,Saeed Jaffrey,Geraldine James,Alyque Padamsee
Jake Gyllenhaal,Holmes Osborne,Maggie Gyllenhaal,Daveigh Chase,Mary McDonnell,James Duval,Arthur Taxier,Patrick Swayze,Mark Hoffman,David St. James,Tom Tangen,Jazzie Mahannah,Jolene Purdy,Stuart Stone,Gary Lundy
Simone Signoret,Véra Clouzot,Paul Meurisse,Charles Vanel,Jean Brochard,Thérèse Dorny,Michel Serrault,Georges Chamarat,Robert Dalban,Camille Guérini,Jacques Hilling,Jean Lefebvre,Aminda Montserrat,Jean Témerson,Jacques Varennes
Vincent Cassel,Hubert Koundé,Saïd Taghmaoui,Abdel Ahmed Ghili,Solo,Joseph Momo,Héloïse Rauth,Rywka Wajsbrot,Olga Abrego,Laurent Labasse,Choukri Gabteni,Nabil Ben Mhamed,Benoît Magimel,Médard Niang,Arash Mansour
Min-hee Kim,Tae-ri Kim,Jung-woo Ha,Jin-Woong Cho,Hae-sook Kim,So-Ri Moon,Si-yeon Ha,Ha-na Han,Ha-dam Jeong,Eun-hyung Jo,Eun-yeong Kim,In-woo Kim,Dong-hwi Lee,Kyu-jung Lee,Yong-nyeo Lee
Maggie Cheung,Tony Chiu-Wai Leung,Ping Lam Siu,Tung Cho 'Joe' Cheung,Rebecca Pan,Kelly Lai Chen,Man-Lei Chan,Szu-Ying Chien,Roy Cheung,Paulyn Sun,Po-chun Chow,Kam-Wah Koo,Hsien Yu
Bill Murray,Andie MacDowell,Chris Elliott,Stephen Tobolowsky,Brian Doyle-Murray,Marita Geraghty,Angela Paton,Rick Ducommun,Rick Overton,Robin Duke,Carol Bivins,Willie Garson,Ken Hudson Campbell,Les Podewell,Rod Sell
Judy Garland,Frank Morgan,Ray Bolger,Bert Lahr,Jack Haley,Billie Burke,Margaret Hamilton,Charley Grapewin,Pat Walshe,Clara Blandick,Terry,The Singer Midgets
Emma Stone,Viola Davis,Bryce Dallas Howard,Octavia Spencer,Jessica Chastain,Ahna O'Reilly,Allison Janney,Anna Camp,Eleanor Henry,Emma Henry,Chris Lowell,Cicely Tyson,Mike Vogel,Sissy Spacek,Brian Kerwin
Roy Scheider,Robert Shaw,Richard Dreyfuss,Lorraine Gary,Murray Hamilton,Carl Gottlieb,Jeffrey Kramer,Susan Backlinie,Jonathan Filley,Ted Grossman,Chris Rebello,Jay Mello,Lee Fierro,Jeffrey Voorhees,Craig Kingsbury
Giulietta Masina,François Périer,Franca Marzi,Dorian Gray,Aldo Silvani,Ennio Girolami,Mario Passante,Christian Tassou,Amedeo Nazzari
Ethan Hawke,Julie Delpy,Vernon Dobtcheff,Louise Lemoine Torrès,Rodolphe Pauly,Mariane Plasteig,Diabolo,Denis Evrard,Albert Delpy,Marie Pillet
Harry Dean Stanton,Nastassja Kinski,Dean Stockwell,Aurore Clément,Hunter Carson,Bernhard Wicki,Sam Berry,Claresie Mobley,Viva,Edward Fayton,Socorro Valdez,Justin Hogg,Tom Farrell,John Lurie,Jeni Vici
Anna Paquin,James Van Der Beek,Cloris Leachman,Mark Hamill,Richard Dysart,Jim Cummings,John Hostetter,Michael McShane,Mandy Patinkin,Andy Dick,Corey Burton,John DeMita,Debi Derryberry,Eddie Frierson,Susan Hickman
Chris Pratt,Zoe Saldana,Dave Bautista,Vin Diesel,Bradley Cooper,Lee Pace,Michael Rooker,Karen Gillan,Djimon Hounsou,John C. Reilly,Glenn Close,Benicio Del Toro,Laura Haddock,Sean Gunn,Peter Serafinowicz
Myrna Loy,Fredric March,Dana Andrews,Teresa Wright,Virginia Mayo,Cathy O'Donnell,Hoagy Carmichael,Harold Russell,Gladys George,Roman Bohnen,Ray Collins,Minna Gombell,Walter Baldwin,Steve Cochran,Dorothy Adams
Johnny Depp,Geoffrey Rush,Orlando Bloom,Keira Knightley,Jack Davenport,Jonathan Pryce,Lee Arenberg,Mackenzie Crook,Damian O'Hare,Giles New,Angus Barnett,David Bailie,Michael Berry Jr.,Isaac C. Singleton Jr.,Kevin McNally
Robby Benson,Jesse Corti,Rex Everhart,Angela Lansbury,Paige O'Hara,Jerry Orbach,Bradley Pierce,David Ogden Stiers,Richard White,Jo Anne Worley,Mary Kay Bergman,Brian Cummings,Alvin Epstein,Tony Jay,Alec Murphy
Ellen Burstyn,Max von Sydow,Lee J. Cobb,Kitty Winn,Jack MacGowran,Jason Miller,Linda Blair,William O'Malley,Barton Heyman,Peter Masterson,Rudolf Schündler,Gina Petrushka,Robert Symonds,Arthur Storch,Thomas Bermingham
Irène Jacob,Jean-Louis Trintignant,Frédérique Feder,Jean-Pierre Lorit,Samuel Le Bihan,Marion Stalens,Teco Celio,Bernard Escalon,Jean Schlegel,Elzbieta Jasinska,Paul Vermeulen,Jean-Marie Daunas,Roland Carey,Brigitte Raul,Leo Ramseyer
Manoj Bajpayee,Richa Chadha,Nawazuddin Siddiqui,Tigmanshu Dhulia,Jameel Khan,Piyush Mishra,Jaideep Ahlawat,Huma Qureshi,Zeishan Quadri,Vipin Sharma,Satyakam Anand,Aditya Kumar,Rajkummar Rao,Vineet Kumar Singh,Sankalp Acharekar
David Rawle,Brendan Gleeson,Lisa Hannigan,Fionnula Flanagan,Lucy O'Connell,Jon Kenny,Pat Shortt,Colm Ó'Snodaigh,Liam Hourican,Kevin Swierszcz,Will Collins,Paul Young
Aamir Khan,Anushka Sharma,Saurabh Shukla,Sanjay Dutt,Boman Irani,Sushant Singh Rajput,Parikshat Sahni,Amardeep Jha,Reema Debnath,Dheerendra Dwivedi,Sai Gundewar,Ram P. Sethi,Rukhsar Rehman,Arun Bali,Pallavi Batra
Margarita Terekhova,Oleg Yankovskiy,Filipp Yankovskiy,Ignat Daniltsev,Nikolay Grinko,Alla Demidova,Yuriy Nazarov,Anatoliy Solonitsyn,Larisa Tarkovskaya,Tamara Ogorodnikova,Yuri Sventisov,Tamara Reshetnikova,Innokentiy Smoktunovskiy,Arseniy Tarkovskiy,E. Del Bosque
